{"cameraMode":{"drawMode":0,"name":"Shaded","section":"Shading Mode"},"sceneLighting":true,"audioPlay":false,"sceneViewState":{"showFog":true,"showMaterialUpdate":false,"showSkybox":true,"showFlares":true,"showImageEffects":true,"showParticleSystems":true,"showVisualEffectGraphs":true,"m_FxEnabled":true},"in2DMode":false,"pivot":{"x":0.47683075070381167,"y":-0.1960519552230835,"z":0.7504886388778687},"rotation":{"x":0.12847495079040528,"y":0.215368390083313,"z":-0.0286018718034029,"w":0.9676435589790344},"size":17.917329788208009,"orthographic":false}