{"cameraMode":{"drawMode":0,"name":"Shaded","section":"Shading Mode"},"sceneLighting":true,"audioPlay":false,"sceneViewState":{"showFog":true,"showMaterialUpdate":false,"showSkybox":true,"showFlares":true,"showImageEffects":true,"showParticleSystems":true,"showVisualEffectGraphs":true,"m_FxEnabled":true},"in2DMode":false,"pivot":{"x":2.209075689315796,"y":7.068240642547607,"z":-16.986989974975587},"rotation":{"x":0.13162748515605927,"y":0.0035651372745633127,"z":-0.0004645002481993288,"w":0.9913052916526794},"size":6.740851402282715,"orthographic":false}