{"cameraMode":{"drawMode":0,"name":"Shaded","section":"Shading Mode"},"sceneLighting":true,"audioPlay":false,"sceneViewState":{"showFog":true,"showMaterialUpdate":false,"showSkybox":true,"showFlares":true,"showImageEffects":true,"showParticleSystems":true,"showVisualEffectGraphs":true,"m_FxEnabled":true},"in2DMode":false,"pivot":{"x":0.47683075070381167,"y":-0.1960519552230835,"z":0.7504886388778687},"rotation":{"x":0.052797745913267139,"y":0.42882972955703738,"z":-0.02511821873486042,"w":0.9015139937400818},"size":4.7099289894104,"orthographic":false}