{"cameraMode":{"drawMode":0,"name":"Shaded","section":"Shading Mode"},"sceneLighting":true,"audioPlay":false,"sceneViewState":{"showFog":true,"showMaterialUpdate":false,"showSkybox":true,"showFlares":true,"showImageEffects":true,"showParticleSystems":true,"showVisualEffectGraphs":true,"m_FxEnabled":true},"in2DMode":false,"pivot":{"x":0.28880777955055239,"y":3.3299400806427,"z":0.09229780733585358},"rotation":{"x":0.06128958985209465,"y":-0.07478808611631394,"z":0.0046043479815125469,"w":0.9953132271766663},"size":8.486140251159668,"orthographic":false}