{"cameraMode":{"drawMode":0,"name":"Shaded","section":"Shading Mode"},"sceneLighting":true,"audioPlay":false,"sceneViewState":{"showFog":true,"showMaterialUpdate":false,"showSkybox":true,"showFlares":true,"showImageEffects":true,"showParticleSystems":true,"showVisualEffectGraphs":true,"m_FxEnabled":true},"in2DMode":false,"pivot":{"x":0.47683075070381167,"y":-0.1960519552230835,"z":0.7504886388778687},"rotation":{"x":0.13482798635959626,"y":0.3388911187648773,"z":-0.04914745315909386,"w":0.9298388957977295},"size":3.15598464012146,"orthographic":false}