{"cameraMode":{"drawMode":0,"name":"Shaded","section":"Shading Mode"},"sceneLighting":true,"audioPlay":false,"sceneViewState":{"showFog":true,"showMaterialUpdate":false,"showSkybox":true,"showFlares":true,"showImageEffects":true,"showParticleSystems":true,"showVisualEffectGraphs":true,"m_FxEnabled":true},"in2DMode":false,"pivot":{"x":-0.08170680701732636,"y":3.3501181602478029,"z":0.9787310361862183},"rotation":{"x":0.17140354216098786,"y":-0.22537635266780854,"z":0.040310315787792209,"w":0.9582411646842957},"size":2.7957823276519777,"orthographic":false}