{"cameraMode":{"drawMode":0,"name":"Shaded","section":"Shading Mode"},"sceneLighting":true,"audioPlay":false,"sceneViewState":{"showFog":true,"showMaterialUpdate":false,"showSkybox":true,"showFlares":true,"showImageEffects":true,"showParticleSystems":true,"showVisualEffectGraphs":true,"m_FxEnabled":true},"in2DMode":false,"pivot":{"x":-0.04220109432935715,"y":3.900381326675415,"z":-0.8955392241477966},"rotation":{"x":0.08837081491947174,"y":-0.01792806200683117,"z":0.0015898518031463028,"w":0.9959306120872498},"size":12.27039909362793,"orthographic":false}